{
  "type": "FeatureCollection",
  "features": [
    {
      "type": "Feature",
      "properties": {
        "name": "magnificentMile"
      },
      "geometry": {
        "type": "LineString",
        "coordinates": [
          [
            41.887176653281216,
            -87.62639170512557
          ],
          [
            41.88815108424578,
            -87.62549048289657
          ],
          [
            41.8882549161772,
            -87.62516861781478
          ],
          [
            41.88823095497725,
            -87.62452488765123
          ],
          [
            41.88836673499157,
            -87.62441759929061
          ],
          [
            41.88991620412875,
            -87.62403136119246
          ],
          [
            41.89262022852038,
            -87.62411157600582
          ],
          [
            41.8933150519255,
            -87.6240901183337
          ],
          [
            41.89412966284391,
            -87.62413303367794
          ],
          [
            41.894952249601054,
            -87.62414376251401
          ],
          [
            41.89573280500692,
            -87.62419656850399
          ],
          [
            41.89676300748915,
            -87.62415365315975
          ],
          [
            41.89670008650225,
            -87.62555271852763
          ],
          [
            41.896564324201385,
            -87.62549907434733
          ],
          [
            41.89571779981528,
            -87.6254561590031
          ],
          [
            41.89170361286025,
            -87.62538671493532
          ],
          [
            41.89168476939295,
            -87.62670502066615
          ],
          [
            41.89090207423778,
            -87.62669429183009
          ],
          [
            41.890095408991456,
            -87.62665137648582
          ],
          [
            41.88941652440512,
            -87.62665137648582
          ],
          [
            41.8888734115414,
            -87.62711271643641
          ],
          [
            41.8886497754907,
            -87.62725219130516
          ],
          [
            41.88846607386338,
            -87.6272414624691
          ],
          [
            41.888274384645584,
            -87.6271878182888
          ],
          [
            41.8871801476811,
            -87.62650117278099
          ]
        ]
      }
    }
  ]
}